№ п/п;Региональный Филиал;(А) Административный статус (рай.центр, обл.центр, пгт, сельское поселение и т.п.);(А) Наименование населенного пункта, адрес;(А) Сетевое имя устройства СПД;(А) Тип устройст СПД (DR, AR, L2 коммутатор опорной РСПД);(А) Модель шасси/Вендор;(B) Административный статус (рай.центр, обл.центр, пгт, сельское поселение и т.п.);(B) Наименование населенного пункта, адрес;(B) Сетевое имя устройства СПД;(B) Тип устройста (BRAS, BPE, RGR, DR, AR, L2 коммутатор опорной РСПД);(B) Модель шасси/Вендор;Емкость основного канала, Гбит/с;Утилизация основного канала в ЧНН, Гбит/с;Технология организации резервного канала (Нет, Прямые пачкорды, ВОЛС, ВОЛС кольцо, ВОЛС Аренда, DWDM, DWDM кольцо, CWDM, CWDM кольцо, РРЛ, SDH, , Аренда емкости);Емкость резервного канала, Гбит/с;Утилизация резервного канала в ЧНН, Гбит/с;Совокупная емкость каналов, Гбит/с;Совокупная уилизация каналов в ЧНН, Гбит/с;Совокупная уилизация каналов в ЧНН 4Q, %;Коэффициент резервирования;Коэффициент роста трафика на 4Q 2019г.;Прогнозная Совокупная уилизация каналов в ЧНН 4Q 2019г., Гбит/с;Прогнозная Совокупная уилизация каналов в ЧНН 4Q 2019г., %;Прогнозный Коэффициент резервирования 4Q 2019г.;Планируемые мероприятия по расширению;Комментарии;Совокупная утилизация каналов в ЧНН, Гбит/с;Совокупная утилизация каналов в ЧНН 4Q, %;;;;;
Столбец 1;Столбец 2;Столбец 3;Столбец 4;Столбец 5;Столбец 6;Столбец 7;Столбец 8;Столбец 9;Столбец 10;Столбец 11;Столбец 12;Столбец 13;Столбец 14;Столбец 15;Столбец 16;Столбец 17;Столбец 18;Столбец 19;Столбец 20;Столбец 21;Столбец 22;Столбец 23;Столбец 24;Столбец 25;Столбец 26;Столбец 27;;;;;;;
Образец;Алтайский филиал;Рай.центр;Бийск, Ул. Ленина д.3.;MES5248-Biysk ;КА;MES5248/Eltex;Обл.Центр;Барнаул, ул. Ленина, д.1. ;EX8208-Barnaul;DR;EX8208/Juniper;10;8;DWDM;0;0;10;8;80;1,25;1,60;11;110;0,91;Организация дополнительно канала 10G с резервированием по транспортной ести;;;;;;;;
1;Ростовский филиал;Рай.центр;АЗОВ;RoAzvPtBl22mx480;AR;MX480;Обл.центр;Ростов-на-Дону (Газетный 49);RoRstGzt49MX960с;CR;MX960;10;5,98;DWDM;777;10;10;5,77;57,7;;;;;;;;5,98;;;;;;
2;Ростовский филиал;Рай.центр;АЗОВ;RoAzvPtBl22mx480;AR;MX480;Обл.центр;Ростов-на-Дону (Газетный 49);RoRstGzt49MX960d;CR;MX960;10;6,35;DWDM;;;10;5,38;53,8;;;;;;;;;;;;;;
3;Ростовский филиал;Рай.центр;АЗОВ;RoAzvPtBl22mx480;AR;MX480;Обл.центр;Ростов-на-Дону (Газетный 49);RoRstGzt49MX960с;CR;MX960;10;0;DWDM;;;10;0;0;;;;;;;;;;;;;;
4;Ростовский филиал;Рай.центр;АЗОВ;RoAzvPtBl22mx480;AR;MX480;Обл.центр;Ростов-на-Дону (Газетный 49);RoRstGzt49MX960d;CR;MX960;10;0;DWDM;;;10;0;0;;;;;;;;;;;;;;
5;Ростовский филиал;Рай.центр;АКСАЙ;RoAksLnn30mx480;AR;MX480;Обл.центр;Ростов-на-Дону (Газетный 49);RoRstGzt49MX960с;CR;MX960;10;5,83;DWDM;;;10;5,83;58,3;;;;;;;;;;;;;;
6;Ростовский филиал;Рай.центр;АКСАЙ;RoAksLnn30mx480;AR;MX480;Обл.центр;Ростов-на-Дону (Газетный 49);RoRstGzt49MX960d;CR;MX960;10;2,86;DWDM;;;10;2,86;28,6;;;;;;;;;;;;;;
7;Ростовский филиал;Рай.центр;АЭРОПОРТ ПЛАТОВ;RoGrushAeroPlatMX80;AR;MX80;Рай.центр;РОД. НЕСВЕТАЙСКИЙ;RoRdnPshk23MX80;AR;MX80;10;0,029;DWDM;;;10;0,029;0,29;;;;;;;;;;;;;;
8;Ростовский филиал;Рай.центр;АЭРОПОРТ ПЛАТОВ;RoGrushAeroPlatMX80;AR;MX80;Обл.центр;Ростов-на-Дону (Газетный 49);RoRstGzt49MX960c;CR;MX960;10;0,238;DWDM;;;10;0,238;2,38;;;;;;;;;;;;;;
9;Ростовский филиал;Рай.центр;БАТАЙСК;RoBtsKrpsk4MX480;AR;MX480;Обл.центр;Ростов-на-Дону (Газетный 49);RoRstGzt49MX960d;CR;MX960;10;5,56;DWDM;;;10;5,56;55,6;;;;;;;;;;;;;;
10;Ростовский филиал;Рай.центр;БАТАЙСК;RoBtsKrpsk4MX480;AR;MX480;Обл.центр;Ростов-на-Дону (Газетный 49);RoRstGzt49MX960с;CR;MX960;10;3,74;DWDM;;;10;3,74;37,4;;;;;;;;;;;;;;
11;Ростовский филиал;Рай.центр;БАТАЙСК;RoBtsKrpsk4MX480;AR;MX480;Обл.центр;Ростов-на-Дону (Газетный 49);RoRstGzt49MX960d;CR;MX960;10;2,25;DWDM;;;10;2,25;22,5;;;;;;;;;;;;;;
12;Ростовский филиал;Рай.центр;БАТАЙСК;RoBtsKrpsk4MX480;AR;MX480;Обл.центр;Ростов-на-Дону (Газетный 49);RoRstGzt49MX960с;CR;MX960;10;2,94;DWDM;;;10;2,94;29,4;;;;;;;;;;;;;;
13;Ростовский филиал;Рай.центр;БАГАЕВСКАЯ;RoBgvKrasn2MX80;AR;MX80;Рай.центр;СЕМИКАРАКОРСК;ROSmkArbs10MX480;AR;MX480;10;3,47;DWDM;;;10;3,47;34,7;;;;;;;;;;;;;;
14;Ростовский филиал;Рай.центр;БАГАЕВСКАЯ;RoBgvKrasn2MX80;AR;MX80;Рай.центр;НОВОЧЕРКАССК;RONvcBkln25MX480;AR;MX480;10;2,31;DWDM;;;10;2,31;23,1;;;;;;;;;;;;;;
15;Ростовский филиал;Рай.центр;БОКОВСКАЯ;RoBokKng11MX80;AR;MX80;Обл.центр;Ростов-на-Дону (Газетный 49);RoRstGzt49MX960d;CR;MX960;10;0,635;DWDM;;;10;0,635;6,35;;;;;;;;;;;;;;
16;Ростовский филиал;Рай.центр;БОКОВСКАЯ;RoBokKng11MX80;AR;MX80;Рай.центр;ВЕШЕНСКАЯ;RoVshLenin81MX80;AR;MX80;10;0,009;DWDM;;;10;0,009;0,09;;;;;;;;;;;;;;
17;Ростовский филиал;Рай.центр;ВЕШЕНСКАЯ;RoVshLenin81MX80;AR;MX80;Обл.центр;Ростов-на-Дону (Газетный 49);RoRstGzt49MX960с;CR;MX960;10;1,01;DWDM;;;10;1,01;10,1;;;;;;;;;;;;;;
18;Ростовский филиал;Рай.центр;ВЕШЕНСКАЯ;RoVshLenin81MX80;AR;MX80;Рай.центр;БОКОВСКАЯ;RoBokKng11MX80;AR;MX80;10;0,041;DWDM;;;10;0,041;0,41;;;;;;;;;;;;;;
19;Ростовский филиал;Рай.центр;ВЕСЕЛЫЙ;RoVslOktb178mx80;AR;MX80;Рай.центр;ЗЕРНОГРАД;RoZrnLenin34MX480;AR;MX480;10;0,932;ВОЛС;;;10;0,932;9,32;;;;;;;;;;;;;;
20;Ростовский филиал;Рай.центр;ВОЛГОДОНСК (Ленина 60);RoVlgLnn60Mx480;AR;MX480;Обл.центр;Ростов-на-Дону (Газетный 49);RoRstGzt49MX960с;CR;MX960;10;1,41;DWDM;;;10;1,41;14,1;;;;;;;;;;;;;;
21;Ростовский филиал;Рай.центр;ВОЛГОДОНСК (Ленина 60);RoVlgLnn60Mx480;AR;MX480;Обл.центр;Ростов-на-Дону (Газетный 49);RoRstGzt49MX960d;CR;MX960;10;2,13;DWDM;;;10;2,13;21,3;;;;;;;;;;;;;;
22;Ростовский филиал;Рай.центр;ВОЛГОДОНСК (Ленина 60);RoVlgLnn60Mx480;AR;MX480;Обл.центр;Ростов-на-Дону (Газетный 49);RoRstGzt49MX960d;CR;MX960;10;2,07;DWDM;;;10;2,07;20,7;;;;;;;;;;;;;;
23;Ростовский филиал;Рай.центр;ВОЛГОДОНСК (Ленина 60);RoVlgLnn60Mx480;AR;MX480;Обл.центр;Ростов-на-Дону (Газетный 49);RoRstGzt49MX960с;CR;MX960;10;3,22;DWDM;;;10;3,22;32,2;;;;;;;;;;;;;;
24;Ростовский филиал;Рай.центр;ВОЛГОДОНСК (Ленина 60);RoVlgLnn60Mx480;AR;MX480;Обл.центр;Ростов-на-Дону (Газетный 49);RoRstGzt49MX960с;CR;MX960;10;2,68;DWDM;;;10;2,68;26,8;;;;;;;;;;;;;;
25;Ростовский филиал;Рай.центр;ВОЛГОДОНСК (Ленина 60);RoVlgLnn60Mx480;AR;MX480;Обл.центр;Ростов-на-Дону (Газетный 49);RoRstGzt49MX960d;CR;MX960;10;2,1;DWDM;;;10;2,1;21;;;;;;;;;;;;;;
26;Ростовский филиал;Рай.центр;ВОЛГОДОНСК (Ленина 60);RoVlgLnn60Mx480;AR;MX480;Обл.центр;Ростов-на-Дону (Газетный 49);RoRstGzt49MX960с;CR;MX960;10;1,32;DWDM;;;10;1,32;13,2;;;;;;;;;;;;;;
27;Ростовский филиал;Рай.центр;ВОЛГОДОНСК (Ленина 60);RoVlgLnn60Mx480;AR;MX480;Обл.центр;Ростов-на-Дону (Газетный 49);RoRstGzt49MX960d;CR;MX960;10;2,1;DWDM;;;10;2,1;21;;;;;;;;;;;;;;
28;Ростовский филиал;Рай.центр;ВОЛГОДОНСК (Гагарина 75);RoVlgGagar75MX480;AR;MX480;Рай.центр;ВОЛГОДОНСК (Ленина 60);RoVlgLnn60Mx480;AR;MX480;10;1,75;DWDM;;;10;1,75;17,5;;;;;;;;;;;;;;
29;Ростовский филиал;Рай.центр;ВОЛГОДОНСК (Строителей 8В);RoVlgStrt8mx80;AR;MX80;Рай.центр;ВОЛГОДОНСК (Ленина 60);RoVlgLnn60Mx480;AR;MX480;10;1,44;DWDM;;;10;1,44;14,4;;;;;;;;;;;;;;
30;Ростовский филиал;Рай.центр;ДУБОВСКОЕ;RoDbvsDzrzh87mx80;AR;MX80;Рай.центр;ВОЛГОДОНСК (Ленина 60);RoVlgLnn60Mx480;AR;MX480;10;1,63;ВОЛС;;;10;1,63;16,3;;;;;;;;;;;;;;
31;Ростовский филиал;Рай.центр;ДУБОВСКОЕ;RoDbvsDzrzh87mx80;AR;MX80;Рай.центр;ЗАВЕТНОЕ;RoZvtLnn53mx80;AR;MX80;10;1,36;ВОЛС;;;10;1,36;13,6;;;;;;;;;;;;;;
32;Ростовский филиал;Рай.центр;ГУКОВО;RoGkvKMrks92MX480;AR;MX480;Обл.центр;Ростов-на-Дону (Газетный 49);RoRstGzt49MX960d;CR;MX960;10;3,02;DWDM;;;10;3,02;30,2;;;;;;;;;;;;;;
33;Ростовский филиал;Рай.центр;ГУКОВО;RoGkvKMrks92MX480;AR;MX480;Обл.центр;Ростов-на-Дону (Газетный 49);RoRstGzt49MX960с;CR;MX960;10;5,76;DWDM;;;10;5,76;57,6;;;;;;;;;;;;;;
34;Ростовский филиал;Рай.центр;ГЛУБОКИЙ;RoGlubArtem243MX80;AR;MX80;Рай.центр;ТАРАСОВСКИЙ;RoTrsLerm50MX80;AR;MX80;10;0,329;ВОЛС;;;10;0,329;3,29;;;;;;;;;;;;;;
35;Ростовский филиал;Рай.центр;ГЛУБОКИЙ;RoGlubArtem243MX80;AR;MX80;Рай.центр;КАМЕНСК-ШАХТИНСКИЙ (Ворошилова 128);RoKShVrsh128MX480;AR;MX480;10;0,923;ВОЛС;;;10;0,923;9,23;;;;;;;;;;;;;;
36;Ростовский филиал;Рай.центр;ДОНЕЦК;RoDnc12Kvrt21Mx80;AR;MX80;Рай.центр;КАМЕНСК-ШАХТИНСКИЙ (Ворошилова 128);RoKShVrsh128Mx481;AR;MX480;10;4,59;ВОЛС;;;10;4,59;45,9;;;;;;;;;;;;;;
37;Ростовский филиал;Рай.центр;ЕГОРЛЫКCКАЯ;RoEgrLnc34mx80;AR;MX80;Рай.центр;ЦЕЛИНА;RoCln1ln134mx80;AR;MX80;10;0;DWDM;;;10;0;0;;;;;;;;;;;;;;
38;Ростовский филиал;Рай.центр;ЕГОРЛЫКCКАЯ;RoEgrLnc34mx80;AR;MX80;Рай.центр;ЗЕРНОГРАД;RoZrnLenin34MX480;AR;MX480;10;1,63;DWDM;;;10;1,63;16,3;;;;;;;;;;;;;;
39;Ростовский филиал;Рай.центр;ЗАВЕТНОЕ;RoZvtLnn53mx80;AR;MX80;Рай.центр;ДУБОВСКОЕ;RoDbvsDzrzh87mx80;AR;MX80;10;1,36;ВОЛС;;;10;1,36;13,6;;;;;;;;;;;;;;
40;Ростовский филиал;Рай.центр;ЗЕРНОГРАД;RoZrnLenin34MX480;AR;MX480;Обл.центр;Ростов-на-Дону (Газетный 49);RoRstGzt49MX960с;CR;MX960;10;2,44;DWDM;;;10;2,44;24,4;;;;;;;;;;;;;;
41;Ростовский филиал;Рай.центр;ЗЕРНОГРАД;RoZrnLenin34MX480;AR;MX480;Обл.центр;Ростов-на-Дону (Газетный 49);RoRstGzt49MX960d;CR;MX960;10;5,79;DWDM;;;10;5,79;57,9;;;;;;;;;;;;;;
42;Ростовский филиал;Рай.центр;ЗЕРНОГРАД;RoZrnLenin34MX480;AR;MX480;Рай.центр;КАГАЛЬНИЦКАЯ;RoKgnKln96MX80;AR;MX80;10;0,763;DWDM;;;10;0,763;7,63;;;;;;;;;;;;;;
43;Ростовский филиал;Рай.центр;ЗИМОВНИКИ;RoZmvnKrgl97mx80;AR;MX80;Рай.центр;ВОЛГОДОНСК (Ленина 60);RoVlgLnn60Mx480;AR;MX480;10;2,56;DWDM;;;10;2,56;25,6;;;;;;;;;;;;;;
44;Ростовский филиал;Рай.центр;ЗИМОВНИКИ;RoZmvnKrgl97mx80;AR;MX80;Рай.центр;ОРЛОВСКАЯ;RoOrlChpv85mx80;AR;MX80;10;1,29;DWDM;;;10;1,29;12,9;;;;;;;;;;;;;;
45;Ростовский филиал;Рай.центр;ЗВЕРЕВО;RoZvrObxv32mx80;AR;MX80;Рай.центр;ГУКОВО;RoGkvKMrks92MX480;AR;MX480;10;2,75;ВОЛС;;;10;2,75;27,5;;;;;;;;;;;;;;
46;Ростовский филиал;Рай.центр;КАГАЛЬНИЦКАЯ;RoKgnKln96MX80;AR;MX80;Рай.центр;ЗЕРНОГРАД;RoZrnLenin34MX480;AR;MX480;10;0,763;DWDM;;;10;0,763;7,63;;;;;;;;;;;;;;
47;Ростовский филиал;Рай.центр;КАГАЛЬНИЦКАЯ;RoKgnKln96MX80;AR;MX80;Рай.центр;БАТАЙСК;RoBtsKrpsk4MX480;AR;MX480;10;0,953;DWDM;;;10;0,953;9,53;;;;;;;;;;;;;;
48;Ростовский филиал;Рай.центр;БЕЛАЯ КАЛИТВА;RoBlkVtrn6Mx480;AR;MX480;Обл.центр;Ростов-на-Дону (Газетный 49);RoRstGzt49MX960с;CR;MX960;10;1,17;DWDM;;;10;1,17;11,7;;;;;;;;;;;;;;
49;Ростовский филиал;Рай.центр;БЕЛАЯ КАЛИТВА;RoBlkVtrn6Mx480;AR;MX480;Обл.центр;Ростов-на-Дону (Газетный 49);RoRstGzt49MX960d;CR;MX960;10;1,38;DWDM;;;10;1,38;13,8;;;;;;;;;;;;;;
50;Ростовский филиал;Рай.центр;БЕЛАЯ КАЛИТВА;RoBlkVtrn6Mx480;AR;MX480;Обл.центр;Ростов-на-Дону (Газетный 49);RoRstGzt49MX960с;CR;MX960;10;1,97;DWDM;;;10;1,97;19,7;;;;;;;;;;;;;;
51;Ростовский филиал;Рай.центр;БЕЛАЯ КАЛИТВА;RoBlkVtrn6Mx480;AR;MX480;Обл.центр;Ростов-на-Дону (Газетный 49);RoRstGzt49MX960d;CR;MX960;10;1,23;DWDM;;;10;1,23;12,3;;;;;;;;;;;;;;
52;Ростовский филиал;Рай.центр;КАМЕНОЛОМНИ;RoKmnKln10mx80;AR;MX80;Рай.центр;ШАХТЫ;ROShkthKMrks106MX480;AR;MX480;10;2,36;ВОЛС;;;10;2,36;23,6;;;;;;;;;;;;;;
53;Ростовский филиал;Рай.центр;КАМЕНСК-ШАХТИНСКИЙ (Ворошилова 128);RoKShVrsh128Mx480;AR;MX480;Обл.центр;Ростов-на-Дону (Газетный 49);RoRstGzt49MX960с;CR;MX960;10;3,06;DWDM;;;10;3,06;30,6;;;;;;;;;;;;;;
54;Ростовский филиал;Рай.центр;КАМЕНСК-ШАХТИНСКИЙ (Ворошилова 128);RoKShVrsh128Mx480;AR;MX480;Обл.центр;Ростов-на-Дону (Газетный 49);RoRstGzt49MX960d;CR;MX960;10;1,29;DWDM;;;10;1,29;12,9;;;;;;;;;;;;;;
55;Ростовский филиал;Рай.центр;КАМЕНСК-ШАХТИНСКИЙ (Ворошилова 128);RoKShVrsh128Mx480;AR;MX480;Обл.центр;Ростов-на-Дону (Газетный 49);RoRstGzt49MX960с;CR;MX960;10;4,43;DWDM;;;10;4,43;44,3;;;;;;;;;;;;;;
56;Ростовский филиал;Рай.центр;КАМЕНСК-ШАХТИНСКИЙ (Ворошилова 128);RoKShVrsh128Mx480;AR;MX480;Обл.центр;Ростов-на-Дону (Газетный 49);RoRstGzt49MX960d;CR;MX960;10;1,83;DWDM;;;10;1,83;18,3;;;;;;;;;;;;;;
57;Ростовский филиал;Рай.центр;КАМЕНСК-ШАХТИНСКИЙ (Ворошилова 128);RoKShVrsh128Mx480;AR;MX480;Обл.центр;Ростов-на-Дону (Газетный 49);RoRstGzt49MX960с;CR;MX960;10;3,31;DWDM;;;10;3,31;33,1;;;;;;;;;;;;;;
58;Ростовский филиал;Рай.центр;КАМЕНСК-ШАХТИНСКИЙ (Ворошилова 128);RoKShVrsh128Mx480;AR;MX480;Обл.центр;Ростов-на-Дону (Газетный 49);RoRstGzt49MX960d;CR;MX960;10;1,31;DWDM;;;10;1,31;13,1;;;;;;;;;;;;;;
59;Ростовский филиал;Рай.центр;КАМЕНСК-ШАХТИНСКИЙ (Володарского 74);RoKshVldr74MX480;AR;MX480;Рай.центр;КАМЕНСК-ШАХТИНСКИЙ (Ворошилова 128);RoKShVrsh128Mx480;AR;MX480;10;5,24;DWDM;;;10;5,24;52,4;;;;;;;;;;;;;;
60;Ростовский филиал;Рай.центр;КАМЕНСК-ШАХТИНСКИЙ (Освобождения 13);RoKShOsvb13mx80;AR;MX80;Рай.центр;КАМЕНСК-ШАХТИНСКИЙ (Ворошилова 128);RoKShVrsh128Mx480;AR;MX480;10;2,3;DWDM;;;10;2,3;23;;;;;;;;;;;;;;
61;Ростовский филиал;Рай.центр;КАШАРЫ;RoKshLnn56mx80;AR;MX80;Рай.центр;МИЛЛЕРОВО;RoMllShlh33mx480;AR;MX480;10;0,609;DWDM;;;10;0,609;6,09;;;;;;;;;;;;;;
62;Ростовский филиал;Рай.центр;КАЗАНСКАЯ;RoKazMtr22MX80;AR;MX80;Обл.центр;Ростов-на-Дону (Газетный 49);RoRstGzt49MX960d;CR;MX960;10;0,712;DWDM;;;10;0,712;7,12;;;;;;;;;;;;;;
63;Ростовский филиал;Рай.центр;КАЗАНСКАЯ;RoKazMtr22MX80;AR;MX80;Рай.центр;ЧЕРТКОВО;RoCrtPrv18MX80;AR;MX80;10;0,045;DWDM;;;10;0,045;0,45;;;;;;;;;;;;;;
64;Ростовский филиал;Рай.центр;КАЗАНСКАЯ;RoKazMtr22MX80;AR;MX80;Рай.центр;АЛЕКСЕЕВО-ЛАЗОВСКОЕ;RoCrtALzvMX80;AR;MX80;10;0,171;DWDM;;;10;0,171;1,71;;;;;;;;;;;;;;
65;Ростовский филиал;Рай.центр;КОНСТАНТИНОВСК;RoKnsLnn46mx80;AR;MX80;Рай.центр;СЕМИКАРАКОРСК;ROSmkArbs10MX480;AR;MX80;10;3,89;ВОЛС;;;10;3,89;38,9;;;;;;;;;;;;;;
66;Ростовский филиал;Рай.центр;КРАСНЫЙ СУЛИН;RoKslPcht2MX80;AR;MX80;Обл.центр;Ростов-на-Дону (Газетный 49);RoRstGzt49MX960с;CR;MX960;10;2,7;DWDM;;;10;2,7;27;;;;;;;;;;;;;;
67;Ростовский филиал;Рай.центр;КРАСНЫЙ СУЛИН;RoKslPcht2MX80;AR;MX80;Обл.центр;Ростов-на-Дону (Газетный 49);RoRstGzt49MX960d;CR;MX960;10;1,22;DWDM;;;10;1,22;12,2;;;;;;;;;;;;;;
68;Ростовский филиал;Рай.центр;КУЙБЫШЕВО;RoKbsKbsh34mx80;AR;MX80;Рай.центр;МАТВЕЕВ КУРГАН;RoMKrKmsm108mx80;AR;MX80;10;0,708;ВОЛС;;;10;0,708;7,08;;;;;;;;;;;;;;
69;Ростовский филиал;Рай.центр;КУЛЕШОВКА;RoKulMatros9c7606;AR;С7606;Рай.центр;БАТАЙСК;RoBtsKrpsk4MX480;AR;MX480;10;1,52;DWDM;;;10;1,52;15,2;;;;;;;;;;;;;;
70;Ростовский филиал;Рай.центр;ПОКРОВСКОЕ;RoNklPrkv2mx80;AR;MX80;Рай.центр;ТАГАНРОГ (З.Космодемьянской 22А);RoTgnZKsm22Mx480;AR;MX480;10;4,61;ВОЛС;;;10;4,61;46,1;;;;;;;;;;;;;;
71;Ростовский филиал;Рай.центр;НОВОЧЕРКАССК;RONvcBkln25MX480;AR;MX480;Обл.центр;Ростов-на-Дону (Газетный 49);RoRstGzt49MX960с;CR;MX960;10;4,06;DWDM;;;10;4,06;40,6;;;;;;;;;;;;;;
72;Ростовский филиал;Рай.центр;НОВОЧЕРКАССК;RONvcBkln25MX480;AR;MX480;Обл.центр;Ростов-на-Дону (Газетный 49);RoRstGzt49MX960d;CR;MX960;10;4,1;DWDM;;;10;4,1;41;;;;;;;;;;;;;;
73;Ростовский филиал;Рай.центр;НОВОЧЕРКАССК;RONvcBkln25MX480;AR;MX480;Обл.центр;Ростов-на-Дону (Газетный 49);RoRstGzt49MX960с;CR;MX960;10;6,67;DWDM;;;10;6,67;66,7;;;;;;;;;;;;;;
74;Ростовский филиал;Рай.центр;НОВОЧЕРКАССК;RONvcBkln25MX480;AR;MX480;Обл.центр;Ростов-на-Дону (Газетный 49);RoRstGzt49MX960d;CR;MX960;10;6,3;DWDM;;;10;6,3;63;;;;;;;;;;;;;;
75;Ростовский филиал;Рай.центр;НОВОШАХТИНСК;RoNvsHrkv56mx80;AR;MX80;Рай.центр;ШАХТЫ;ROShkthKMrks106MX480;AR;MX480;10;6,13;ВОЛС;;;10;6,13;61,3;;;;;;;;;;;;;;
76;Ростовский филиал;Рай.центр;МАТВЕЕВ КУРГАН;RoMKrKmsm108mx80;AR;MX80;Рай.центр;ПОКРОВСКОЕ;RoNklPrkv2mx80;AR;MX80;10;2,78;ВОЛС;;;10;2,78;27,8;;;;;;;;;;;;;;
77;Ростовский филиал;Рай.центр;МИЛЛЕРОВО;RoMllShlh33mx480;AR;MX480;Обл.центр;Ростов-на-Дону (Газетный 49);RoRstGzt49MX960d;CR;MX960;10;5,16;DWDM;;;10;5,16;51,6;;;;;;;;;;;;;;
78;Ростовский филиал;Рай.центр;МИЛЛЕРОВО;RoMllShlh33mx480;AR;MX480;Рай.центр;КАШАРЫ;RoKshLnn56mx80;AR;MX80;10;0,609;DWDM;;;10;0,609;6,09;;;;;;;;;;;;;;
79;Ростовский филиал;Рай.центр;МИЛЛЕРОВО;RoMllShlh33mx480;AR;MX480;Рай.центр;ТАРАСОВСКИЙ;RoTrsLerm50MX80;AR;MX80;10;0,123;DWDM;;;10;0,123;1,23;;;;;;;;;;;;;;
80;Ростовский филиал;Рай.центр;МИЛЮТИНСКАЯ;RoMltPvshG42mx80;AR;MX80;Рай.центр;МОРОЗОВСК;RoMrzPdtl11MX480;AR;MX480;10;0,633;ВОЛС;;;10;0,633;6,33;;;;;;;;;;;;;;
81;Ростовский филиал;Рай.центр;МОРОЗОВСК;RoMrzPdtl11MX480;AR;MX480;Обл.центр;Ростов-на-Дону (Газетный 49);RoRstGzt49MX960d;CR;MX960;10;1,1;DWDM;;;10;1,1;11;;;;;;;;;;;;;;
82;Ростовский филиал;Рай.центр;МОРОЗОВСК;RoMrzPdtl11MX480;AR;MX480;Обл.центр;Ростов-на-Дону (Газетный 49);RoRstGzt49MX960с;CR;MX960;10;1,28;DWDM;;;10;1,28;12,8;;;;;;;;;;;;;;
83;Ростовский филиал;Рай.центр;МОРОЗОВСК;RoMrzPdtl11MX480;AR;MX480;Обл.центр;Ростов-на-Дону (Газетный 49);RoRstGzt49MX960d;CR;MX960;10;1,3;DWDM;;;10;1,3;13;;;;;;;;;;;;;;
84;Ростовский филиал;Рай.центр;МОРОЗОВСК;RoMrzPdtl11MX480;AR;MX480;Обл.центр;Ростов-на-Дону (Газетный 49);RoRstGzt49MX960с;CR;MX960;10;0,792;DWDM;;;10;0,792;7,92;;;;;;;;;;;;;;
85;Ростовский филиал;Рай.центр;БОЛ. МАРТЫНОВКА;RoBmrLmshk28Mx80;AR;MX80;Рай.центр;СЕМИКАРАКОРСК;RoSmkArbs10MX480;AR;MX480;10;0,48;DWDM;;;10;0,48;4,8;;;;;;;;;;;;;;
86;Ростовский филиал;Рай.центр;БОЛ. МАРТЫНОВКА;RoBmrLmshk28Mx80;AR;MX80;Рай.центр;ВОЛГОДОНСК (Ленина 60);RoVlgLnn60Mx480;AR;MX480;10;0,89;DWDM;;;10;0,89;8,9;;;;;;;;;;;;;;
87;Ростовский филиал;Рай.центр;ПЕСЧАНОКОПСКИЙ;RoPscEngl212mx80;AR;MX80;Рай.центр;САЛЬСК;RoSlskPush4MX4800;AR;MX480;10;1,48;ВОЛС;;;10;1,48;14,8;;;;;;;;;;;;;;
88;Ростовский филиал;Рай.центр;РАЗВИЛЬНОЕ;RoPschRzvlMe38;AR;ME3800;Рай.центр;ПЕСЧАНОКОПСКИЙ;RoPscEngl212mx80;AR;MX80;10;0,77;DWDM;;;10;0,77;7,7;;;;;;;;;;;;;;
89;Ростовский филиал;Рай.центр;ПРОЛЕТАРСК;RoPrlKrsn79mx80;AR;MX80;Рай.центр;САЛЬСК;RoSlskPush4MX4800;AR;MX480;10;1,9;DWDM;;;10;1,9;19;;;;;;;;;;;;;;
90;Ростовский филиал;Рай.центр;ПРОЛЕТАРСК;RoPrlKrsn79mx80;AR;MX80;Рай.центр;ОРЛОВСКАЯ;RoOrlChpv85mx80;AR;MX80;10;0,128;DWDM;;;10;0,128;1,28;;;;;;;;;;;;;;
91;Ростовский филиал;Рай.центр;ОБЛИВСКАЯ;RoOblLenin25MX80;AR;MX80;Обл.центр;Ростов-на-Дону (Газетный 49);RoRstGzt49MX960d;CR;MX960;10;0,653;DWDM;;;10;0,653;6,53;;;;;;;;;;;;;;
92;Ростовский филиал;Рай.центр;ОБЛИВСКАЯ;RoOblLenin25MX80;AR;MX80;Рай.центр;СОВЕТСКАЯ;RoSovetsMX80;AR;MX80;10;0,007;DWDM;;;10;0,007;0,07;;;;;;;;;;;;;;
93;Ростовский филиал;Рай.центр;ОРЛОВСКАЯ;RoOrlChpv85mx80;AR;MX80;Рай.центр;ПРОЛЕТАРСК;RoPrlKrsn79mx80;AR;MX80;10;0,331;DWDM;;;10;0,331;3,31;;;;;;;;;;;;;;
94;Ростовский филиал;Рай.центр;ОРЛОВСКАЯ;RoOrlChpv85mx80;AR;MX80;Рай.центр;ЗИМОВНИКИ;RoZmvnKrgl97mx80;AR;MX80;10;1,28;DWDM;;;10;1,28;12,8;;;;;;;;;;;;;;
95;Ростовский филиал;Рай.центр;РЕМОНТНОЕ;RoRmnDzrzh50mx80;AR;MX80;Рай.центр;ЗАВЕТНОЕ;RoZvtLnn53mx80;AR;MX80;10;0,516;ВОЛС;;;10;0,516;5,16;;;;;;;;;;;;;;
96;Ростовский филиал;Рай.центр;РОД. НЕСВЕТАЙСКИЙ;RoRdnPshk23MX80;AR;MX80;Обл.центр;Ростов-на-Дону (Газетный 49);RoRstGzt49MX960с;CR;MX960;10;0,198;DWDM;;;10;0,198;1,98;;;;;;;;;;;;;;
97;Ростовский филиал;Рай.центр;РОД. НЕСВЕТАЙСКИЙ;RoRdnPshk23MX80;AR;MX80;Обл.центр;Ростов-на-Дону (Газетный 49);RoRstGzt49MX960d;CR;MX960;10;0,446;DWDM;;;10;0,446;4,46;;;;;;;;;;;;;;
98;Ростовский филиал;Рай.центр;САЛЬСК;RoSlskPush4MX4800;AR;MX480;Обл.центр;Ростов-на-Дону (Газетный 49);RoRstGzt49MX960d;CR;MX960;10;2,66;DWDM;;;10;2,66;26,6;;;;;;;;;;;;;;
99;Ростовский филиал;Рай.центр;САЛЬСК;RoSlskPush4MX480;AR;MX480;Обл.центр;Ростов-на-Дону (Газетный 49);RoRstGzt49MX960с;CR;MX960;10;2,47;DWDM;;;10;2,47;24,7;;;;;;;;;;;;;;
100;Ростовский филиал;Рай.центр;САЛЬСК;RoSlskPush4MX4800;AR;MX480;Обл.центр;Ростов-на-Дону (Газетный 49);RoRstGzt49MX960d;CR;MX960;10;2,61;DWDM;;;10;2,61;26,1;;;;;;;;;;;;;;
101;Ростовский филиал;Рай.центр;САЛЬСК;RoSlskPush4MX480;AR;MX480;Обл.центр;Ростов-на-Дону (Газетный 49);RoRstGzt49MX960с;CR;MX960;10;2,44;DWDM;;;10;2,44;24,4;;;;;;;;;;;;;;
102;Ростовский филиал;Рай.центр;СЕМИКАРАКОРСК;ROSmkArbs10MX480;AR;MX480;Обл.центр;Ростов-на-Дону (Газетный 49);RoRstGzt49MX960с;CR;MX960;10;3,33;DWDM;;;10;3,33;33,3;;;;;;;;;;;;;;
103;Ростовский филиал;Рай.центр;СЕМИКАРАКОРСК;ROSmkArbs10MX480;AR;MX480;Обл.центр;Ростов-на-Дону (Газетный 49);RoRstGzt49MX960d;CR;MX960;10;6,83;DWDM;;;10;6,83;68,3;;;;;;;;;;;;;;
104;Ростовский филиал;Рай.центр;СОВЕТСКАЯ;RoSovetsMX80;AR;MX80;Обл.центр;Ростов-на-Дону (Газетный 49);RoRstGzt49MX960с;CR;MX960;10;0,164;DWDM;;;10;0,164;1,64;;;;;;;;;;;;;;
105;Ростовский филиал;Рай.центр;СОВЕТСКАЯ;RoSovetsMX80;AR;MX80;Рай.центр;ОБЛИВСКАЯ;RoOblLenin25MX80;AR;MX80;10;0,007;DWDM;;;10;0,007;0,07;;;;;;;;;;;;;;
106;Ростовский филиал;Рай.центр;ТАГАНРОГ (З.Космодемьянской 22А);RoTgnZKsm22Mx480;AR;MX480;Обл.центр;Ростов-на-Дону (Газетный 49);RoRstGzt49MX960d;CR;MX960;10;3,36;DWDM;;;10;3,36;33,6;;;;;;;;;;;;;;
107;Ростовский филиал;Рай.центр;ТАГАНРОГ (З.Космодемьянской 22А);RoTgnZKsm22Mx480;AR;MX480;Обл.центр;Ростов-на-Дону (Газетный 49);RoRstGzt49MX960с;CR;MX960;10;3,76;DWDM;;;10;3,76;37,6;;;;;;;;;;;;;;
108;Ростовский филиал;Рай.центр;ТАГАНРОГ (З.Космодемьянской 22А);RoTgnZKsm22Mx480;AR;MX480;Обл.центр;Ростов-на-Дону (Газетный 49);RoRstGzt49MX960с;CR;MX960;10;3,58;DWDM;;;10;3,58;35,8;;;;;;;;;;;;;;
109;Ростовский филиал;Рай.центр;ТАГАНРОГ (З.Космодемьянской 22А);RoTgnZKsm22Mx480;AR;MX480;Обл.центр;Ростов-на-Дону (Газетный 49);RoRstGzt49MX960d;CR;MX960;10;3,79;DWDM;;;10;3,79;37,9;;;;;;;;;;;;;;
110;Ростовский филиал;Рай.центр;ТАГАНРОГ (З.Космодемьянской 22А);RoTgnZKsm22Mx480;AR;MX480;Обл.центр;Ростов-на-Дону (Газетный 49);RoRstGzt49MX960d;CR;MX960;10;2,51;DWDM;;;10;2,51;25,1;;;;;;;;;;;;;;
111;Ростовский филиал;Рай.центр;ТАГАНРОГ (З.Космодемьянской 22А);RoTgnZKsm22Mx480;AR;MX480;Обл.центр;Ростов-на-Дону (Газетный 49);RoRstGzt49MX960с;CR;MX960;10;4,46;DWDM;;;10;4,46;44,6;;;;;;;;;;;;;;
112;Ростовский филиал;Рай.центр;ТАГАНРОГ (З.Космодемьянской 22А);RoTgnZKsm22Mx480;AR;MX480;Обл.центр;Ростов-на-Дону (Газетный 49);RoRstGzt49MX960с;CR;MX960;10;2,11;DWDM;;;10;2,11;21,1;;;;;;;;;;;;;;
113;Ростовский филиал;Рай.центр;ТАГАНРОГ (З.Космодемьянской 22А);RoTgnZKsm22Mx480;AR;MX480;Обл.центр;Ростов-на-Дону (Газетный 49);RoRstGzt49MX960d;CR;MX960;10;3,77;DWDM;;;10;3,77;37,7;;;;;;;;;;;;;;
114;Ростовский филиал;Рай.центр;ТАГАНРОГ (З.Космодемьянской 22А);RoTgnZKsm22Mx480;AR;MX480;Обл.центр;Ростов-на-Дону (Газетный 49);RoRstGzt49MX960с;CR;MX960;10;2,12;DWDM;;;10;2,12;21,2;;;;;;;;;;;;;;
115;Ростовский филиал;Рай.центр;ТАГАНРОГ (З.Космодемьянской 22А);RoTgnZKsm22Mx480;AR;MX480;Обл.центр;Ростов-на-Дону (Газетный 49);RoRstGzt49MX960d;CR;MX960;10;3,06;DWDM;;;10;3,06;30,6;;;;;;;;;;;;;;
116;Ростовский филиал;Рай.центр;ТАГАНРОГ (Фрунзе 38);RoTgnFrn38Mx480;AR;MX480;Рай.центр;ТАГАНРОГ (З.Космодемьянской 22А);RoTgnZKsm22Mx480;AR;MX480;10;3,63;DWDM;;;10;3,63;36,3;;;;;;;;;;;;;;
117;Ростовский филиал;Рай.центр;ТАГАНРОГ (Фрунзе 38);RoTgnFrn38Mx480;AR;MX480;Рай.центр;ТАГАНРОГ (З.Космодемьянской 22А);RoTgnZKsm22Mx480;AR;MX480;10;1,55;DWDM;;;10;1,55;15,5;;;;;;;;;;;;;;
118;Ростовский филиал;Рай.центр;ТАГАНРОГ (Дзержинского 140);RoTgnDzrg140MX80;AR;MX80;Рай.центр;ТАГАНРОГ (З.Космодемьянской 22А);RoTgnZKsm22Mx480;AR;MX480;10;1,92;DWDM;;;10;1,92;19,2;;;;;;;;;;;;;;
119;Ростовский филиал;Рай.центр;ТАГАНРОГ (Дзержинского 140);RoTgnDzrg140MX80;AR;MX80;Рай.центр;ТАГАНРОГ (З.Космодемьянской 22А);RoTgnZKsm22Mx480;AR;MX480;10;0,339;DWDM;;;10;0,339;3,39;;;;;;;;;;;;;;
120;Ростовский филиал;Рай.центр;ТАГАНРОГ (С. Шило 243);RoTgnShl243Mx80;AR;MX80;Рай.центр;ТАГАНРОГ (З.Космодемьянской 22А);RoTgnZKsm22Mx480;AR;MX480;10;3,09;DWDM;;;10;3,09;30,9;;;;;;;;;;;;;;
121;Ростовский филиал;Рай.центр;ТАГАНРОГ (С. Шило 243);RoTgnShl243Mx80;AR;MX80;Рай.центр;ТАГАНРОГ (З.Космодемьянской 22А);RoTgnZKsm22Mx480;AR;MX480;10;4;DWDM;;;10;4;40;;;;;;;;;;;;;;
122;Ростовский филиал;Рай.центр;ТАГАНРОГ (Б. Проспект 44);RoTgnBPrsp44MX80;AR;MX80;Рай.центр;ТАГАНРОГ (З.Космодемьянской 22А);RoTgnZKsm22Mx480;AR;MX480;10;1,73;DWDM;;;10;1,73;17,3;;;;;;;;;;;;;;
123;Ростовский филиал;Рай.центр;ТАГАНРОГ (Б. Проспект 44);RoTgnBPrsp44MX80;AR;MX80;Рай.центр;ТАГАНРОГ (З.Космодемьянской 22А);RoTgnZKsm22Mx480;AR;MX480;10;2,29;DWDM;;;10;2,29;22,9;;;;;;;;;;;;;;
124;Ростовский филиал;Рай.центр;ТАЦИНСКАЯ;RoTcnPltr1MX80;AR;MX80;Обл.центр;Ростов-на-Дону (Газетный 49);RoRstGzt49MX960с;CR;MX960;10;0,294;DWDM;;;10;0,294;2,94;;;;;;;;;;;;;;
125;Ростовский филиал;Рай.центр;ТАЦИНСКАЯ;RoTcnPltr1MX80;AR;MX80;Обл.центр;Ростов-на-Дону (Газетный 49);RoRstGzt49MX960d;CR;MX960;10;0,271;DWDM;;;10;0,271;2,71;;;;;;;;;;;;;;
126;Ростовский филиал;Рай.центр;ТАРАСОВСКИЙ;RoTrsLerm50MX80;AR;MX80;Рай.центр;МИЛЛЕРОВО;RoMllShlh33mx480;AR;MX480;10;0,140;DWDM;;;10;0,140;1,4;;;;;;;;;;;;;;
127;Ростовский филиал;Рай.центр;ТАРАСОВСКИЙ;RoTrsLerm50MX80;AR;MX80;Обл.центр;Ростов-на-Дону (Газетный 49);RoRstGzt49MX960с;CR;MX960;10;1,13;DWDM;;;10;1,13;11,3;;;;;;;;;;;;;;
128;Ростовский филиал;Рай.центр;УСТЬ ДОНЕЦКИЙ;RoUstLnn15mx80;AR;MX80;Рай.центр;КОНСТАНТИНОВСК;RoKnsLnn46mx80;AR;MX80;10;2,43;ВОЛС;;;10;2,43;24,3;;;;;;;;;;;;;;
129;Ростовский филиал;Рай.центр;ШАХТЫ;ROShkthKMrks106MX480;AR;MX480;Обл.центр;Ростов-на-Дону (Газетный 49);RoRstGzt49MX960d;CR;MX960;10;1,73;DWDM;;;10;1,73;17,3;;;;;;;;;;;;;;
130;Ростовский филиал;Рай.центр;ШАХТЫ;ROShkthKMrks106MX480;AR;MX480;Обл.центр;Ростов-на-Дону (Газетный 49);RoRstGzt49MX960с;CR;MX960;10;3,63;DWDM;;;10;3,63;36,3;;;;;;;;;;;;;;
131;Ростовский филиал;Рай.центр;ШАХТЫ;ROShkthKMrks106MX480;AR;MX480;Обл.центр;Ростов-на-Дону (Газетный 49);RoRstGzt49mx960d;CR;MX960;10;5,93;DWDM;;;10;5,93;59,3;;;;;;;;;;;;;;
132;Ростовский филиал;Рай.центр;ШАХТЫ;ROShkthKMrks106MX480;AR;MX480;Обл.центр;Ростов-на-Дону (Газетный 49);RoRstGzt49mx960c;DR;MX960;10;2,49;DWDM;;;10;2,49;24,9;;;;;;;;;;;;;;
133;Ростовский филиал;Рай.центр;ШАХТЫ;ROShkthKMrks106MX480;AR;MX480;Обл.центр;Ростов-на-Дону (Газетный 49);RoRstGzt49MX960d;CR;MX960;10;6,02;DWDM;;;10;6,02;60,2;;;;;;;;;;;;;;
134;Ростовский филиал;Рай.центр;ШАХТЫ;ROShkthKMrks106MX480;AR;MX480;Обл.центр;Ростов-на-Дону (Газетный 49);RoRstGzt49MX960с;CR;MX960;10;3,68;DWDM;;;10;3,68;36,8;;;;;;;;;;;;;;
135;Ростовский филиал;Рай.центр;ШАХТЫ;ROShkthKMrks106MX480;AR;MX480;Обл.центр;Ростов-на-Дону (Газетный 49);RoRstGzt49MX960d;CR;MX960;10;1,72;DWDM;;;10;1,72;17,2;;;;;;;;;;;;;;
136;Ростовский филиал;Рай.центр;ШАХТЫ;ROShkthKMrks106MX480;AR;MX480;Обл.центр;Ростов-на-Дону (Газетный 49);RoRstGzt49MX960с;CR;MX960;10;2,48;DWDM;;;10;2,48;24,8;;;;;;;;;;;;;;
137;Ростовский филиал;Рай.центр;ЦЕЛИНА;RoCln1ln134mx80;AR;MX80;Рай.центр;САЛЬСК;RoSlskPush4MX4800;AR;MX480;10;1,29;DWDM;;;10;1,29;12,9;;;;;;;;;;;;;;
138;Ростовский филиал;Рай.центр;ЦЕЛИНА;RoCln1ln134mx80;AR;MX80;Рай.центр;ЕГОРЛЫКCКАЯ;RoEgrLnc34mx80;AR;MX80;10;0;DWDM;;;10;0;0;;;;;;;;;;;;;;
139;Ростовский филиал;Рай.центр;ЦИМЛЯНСК;RoCmlPion20MX80;AR;MX80;Рай.центр;МОРОЗОВСК;RoMrzPdtl11MX480;AR;MX480;10;0,769;DWDM;;;10;0,769;7,69;;;;;;;;;;;;;;
140;Ростовский филиал;Рай.центр;ЦИМЛЯНСК;RoCmlPion20MX80;AR;MX80;Рай.центр;ВОЛГОДОНСК (Ленина 60);RoVlgLnn60Mx480;AR;MX480;10;1,53;DWDM;;;10;1,53;15,3;;;;;;;;;;;;;;
141;Ростовский филиал;Рай.центр;ЧАЛТЫРЬ;RoChltKMrks65MX80;AR;MX80;Обл.центр;Ростов-на-Дону (Газетный 49);RoRstGzt49MX960с;CR;MX960;10;1,38;DWDM;;;10;1,38;13,8;;;;;;;;;;;;;;
142;Ростовский филиал;Рай.центр;ЧАЛТЫРЬ;RoChltKMrks65MX80;AR;MX80;Обл.центр;Ростов-на-Дону (Газетный 49);RoRstGzt49MX960d;CR;MX960;10;2,06;DWDM;;;10;2,06;20,6;;;;;;;;;;;;;;
143;Ростовский филиал;Рай.центр;ЧЕРТКОВО;RoCrtPrv18MX80;AR;MX80;Обл.центр;Ростов-на-Дону (Газетный 49);RoRstGzt49MX960с;CR;MX960;10;1,16;DWDM;;;10;1,16;11,6;;;;;;;;;;;;;;
144;Ростовский филиал;Рай.центр;ЧЕРТКОВО;RoCrtPrv18MX80;AR;MX80;Рай.центр;АЛЕКСЕЕВО-ЛАЗОВСКОЕ;RoCrtALzvMX80;AR;MX80;10;0,338;DWDM;;;10;0,338;3,38;;;;;;;;;;;;;;
145;Ростовский филиал;Рай.центр;ЧЕРТКОВО;RoCrtPrv18MX80;AR;MX80;Рай.центр;КАЗАНСКАЯ;RoKazMtr22MX80;AR;MX80;10;0,046;DWDM;;;10;0,046;0,46;;;;;;;;;;;;;;
146;Ростовский филиал;Рай.центр;АЛЕКСЕЕВО-ЛАЗОВСКОЕ;RoCrtALzvMX80;AR;MX80;Рай.центр;ЧЕРТКОВО;RoCrtPrv18MX80;AR;MX80;10;0,338;DWDM;;;10;0,338;3,38;;;;;;;;;;;;;;
147;Ростовский филиал;Рай.центр;АЛЕКСЕЕВО-ЛАЗОВСКОЕ;RoCrtALzvMX80;AR;MX80;Рай.центр;КАЗАНСКАЯ;RoKazMtr22MX80;AR;MX80;10;0,171;DWDM;;;10;0,171;1,71;;;;;;;;;;;;;;
148;Ростовский филиал;Обл.центр;Ростов-на-Дону  АРЕНА;RoRstArnMX480;AR;MX480;Обл.центр;Ростов-на-Дону (Газетный 49);RoRstGzt49MX960с;CR;MX960;10;0,8;DWDM;;;10;0,8;8;;;;;;;;;;;;;;
149;Ростовский филиал;Обл.центр;Ростов-на-Дону  АРЕНА;RoRstArnMX480;AR;MX480;Обл.центр;Ростов-на-Дону (Газетный 49);RoRstGzt49MX960d;CR;MX960;10;0,74;DWDM;;;10;0,74;7,4;;;;;;;;;;;;;;
150;Ростовский филиал;Обл.центр;Ростов-на-Дону  АРЕНА;RoRstArnMX480;AR;MX480;Рай.центр;АКСАЙ;RoAksLnn30mx480;AR;MX480;10;0;DWDM;;;10;0;0;;;;;;;;;;;;;;
151;Ростовский филиал;Обл.центр;Ростов-на-Дону  АРЕНА;RoRstArnMX480;AR;MX480;Рай.центр;АКСАЙ;RoAksLnn30mx480;AR;MX480;10;0;DWDM;;;10;0;0;;;;;;;;;;;;;;
152;Ростовский филиал;Обл.центр;Ростов-на-Дону АТС-22;RORstKmst10MX480;AR;MX480;Обл.центр;Ростов-на-Дону (Газетный 49);RoRstGzt49MX960d;CR;MX960;10;3,1;DWDM;;;10;3,1;31;;;;;;;;;;;;;;
153;Ростовский филиал;Обл.центр;Ростов-на-Дону АТС-22;RORstKmst10MX480;AR;MX480;Обл.центр;Ростов-на-Дону (Газетный 49);RoRstGzt49MX960с;CR;MX960;10;2,94;DWDM;;;10;2,94;29,4;;;;;;;;;;;;;;
154;Ростовский филиал;Обл.центр;Ростов-на-Дону АТС-25;RORstErmnk50MX480;AR;MX480;Обл.центр;Ростов-на-Дону (Газетный 49);RoRstGzt49MX960d;CR;MX960;10;3,19;DWDM;;;10;3,19;31,9;;;;;;;;;;;;;;
155;Ростовский филиал;Обл.центр;Ростов-на-Дону АТС-25;RORstErmnk50MX480;AR;MX480;Обл.центр;Ростов-на-Дону (Газетный 49);RoRstGzt49MX960с;CR;MX960;10;3,15;DWDM;;;10;3,15;31,5;;;;;;;;;;;;;;
156;Ростовский филиал;Обл.центр;Ростов-на-Дону АТС-32;RoRstDrnk112Mx480;AR;MX480;Обл.центр;Ростов-на-Дону (Газетный 49);RoRstGzt49MX960с;CR;MX960;10;2,6;DWDM;;;10;2,6;26;;;;;;;;;;;;;;
157;Ростовский филиал;Обл.центр;Ростов-на-Дону АТС-32;RoRstDrnk112Mx480;AR;MX480;Обл.центр;Ростов-на-Дону (Газетный 49);RoRstGzt49MX960d;CR;MX960;10;2,91;DWDM;;;10;2,91;29,1;;;;;;;;;;;;;;
158;Ростовский филиал;Обл.центр;Ростов-на-Дону АТС-40;RoRstDmsk3Mx480;AR;MX480;Обл.центр;Ростов-на-Дону (Газетный 49);RoRstGzt49MX960с;CR;MX960;10;2,49;DWDM;;;10;2,49;24,9;;;;;;;;;;;;;;
159;Ростовский филиал;Обл.центр;Ростов-на-Дону АТС-40;RoRstDmsk3Mx480;AR;MX480;Обл.центр;Ростов-на-Дону (Газетный 49);RoRstGzt49MX960d;CR;MX960;10;2,75;DWDM;;;10;2,75;27,5;;;;;;;;;;;;;;
160;Ростовский филиал;Обл.центр;Ростов-на-Дону АТС-43;RORstNgbn14MX480;AR;MX480;Обл.центр;Ростов-на-Дону (Газетный 49);RoRstGzt49MX960d;CR;MX960;10;1,12;DWDM;;;10;1,12;11,2;;;;;;;;;;;;;;
161;Ростовский филиал;Обл.центр;Ростов-на-Дону АТС-43;RORstNgbn14MX480;AR;MX480;Обл.центр;Ростов-на-Дону (Газетный 49);RoRstGzt49MX960с;CR;MX960;10;1,23;DWDM;;;10;1,23;12,3;;;;;;;;;;;;;;
162;Ростовский филиал;Обл.центр;Ростов-на-Дону АТС-45;RORstGrsmnk7MX480;AR;MX480;Обл.центр;Ростов-на-Дону (Газетный 49);RoRstGzt49MX960с;CR;MX960;10;2,08;DWDM;;;10;2,08;20,8;;;;;;;;;;;;;;
163;Ростовский филиал;Обл.центр;Ростов-на-Дону АТС-45;RORstGrsmnk7MX480;AR;MX480;Обл.центр;Ростов-на-Дону (Газетный 49);RoRstGzt49MX960d;CR;MX960;10;2,05;DWDM;;;10;2,05;20,5;;;;;;;;;;;;;;
164;Ростовский филиал;Обл.центр;Ростов-на-Дону АТС-51;RoRstMrlc60mx480;AR;MX480;Обл.центр;Ростов-на-Дону (Газетный 49);RoRstGzt49MX960d;CR;MX960;10;2,89;DWDM;;;10;2,89;28,9;;;;;;;;;;;;;;
165;Ростовский филиал;Обл.центр;Ростов-на-Дону АТС-51;RoRstMrlc60mx480;AR;MX480;Обл.центр;Ростов-на-Дону (Газетный 49);RoRstGzt49MX960с;CR;MX960;10;6,19;DWDM;;;10;6,19;61,9;;;;;;;;;;;;;;
166;Ростовский филиал;Обл.центр;Ростов-на-Дону АТС-51;RoRstMrlc60mx480;AR;MX480;Обл.центр;Ростов-на-Дону (Газетный 49);RoRstGzt49MX960d;CR;MX960;10;0,660;DWDM;;;10;0,660;6,6;;;;;;;;;;;;;;
167;Ростовский филиал;Обл.центр;Ростов-на-Дону АТС-51;RoRstMrlc60mx480;AR;MX480;Обл.центр;Ростов-на-Дону (Газетный 49);RoRstGzt49MX960с;CR;MX960;10;0,660;DWDM;;;10;0,660;6,6;;;;;;;;;;;;;;
168;Ростовский филиал;Обл.центр;Ростов-на-Дону АТС-52;RoRstMngn4mx480;AR;MX480;Обл.центр;Ростов-на-Дону (Газетный 49);RoRstGzt49MX960d;CR;MX960;10;2,33;DWDM;;;10;2,33;23,3;;;;;;;;;;;;;;
169;Ростовский филиал;Обл.центр;Ростов-на-Дону АТС-52;RoRstMngn4mx480;AR;MX480;Обл.центр;Ростов-на-Дону (Газетный 49);RoRstGzt49MX960с;CR;MX960;10;2,29;DWDM;;;10;2,29;22,9;;;;;;;;;;;;;;
170;Ростовский филиал;Обл.центр;Ростов-на-Дону АТС-57;RoRst40ltPb77Mx480;AR;MX480;Обл.центр;Ростов-на-Дону (Газетный 49);RoRstGzt49MX960d;CR;MX960;10;2,07;DWDM;;;10;2,07;20,7;;;;;;;;;;;;;;
171;Ростовский филиал;Обл.центр;Ростов-на-Дону АТС-57;RoRst40ltPb77Mx480;AR;MX480;Обл.центр;Ростов-на-Дону (Газетный 49);RoRstGzt49MX960с;CR;MX960;10;1,96;DWDM;;;10;1,96;19,6;;;;;;;;;;;;;;
172;Ростовский филиал;Обл.центр;Ростов-на-Дону АТС-62;RoRstSrfm62mx480;AR;MX480;Обл.центр;Ростов-на-Дону АТС-40;RoRstDmsk3Mx480;AR;MX480;10;3,29;DWDM;;;10;3,29;32,9;;;;;;;;;;;;;;
173;Ростовский филиал;Обл.центр;Ростов-на-Дону АТС-63;RoRstScls191mx80;AR;MX80;Обл.центр;Ростов-на-Дону (Газетный 49);RoRstGzt49MX960с;CR;MX960;10;1,46;DWDM;;;10;1,46;14,6;;;;;;;;;;;;;;
174;Ростовский филиал;Обл.центр;Ростов-на-Дону АТС-63;RoRstScls191mx80;AR;MX80;Обл.центр;Ростов-на-Дону (Газетный 49);RoRstGzt49MX960d;CR;MX960;10;1,55;DWDM;;;10;1,55;15,5;;;;;;;;;;;;;;
175;Ростовский филиал;Обл.центр;Ростов-на-Дону АТС-64;RORstGrkg206MX480;AR;MX480;Обл.центр;Ростов-на-Дону (Газетный 49);RoRstGzt49MX960d;CR;MX960;10;2,04;DWDM;;;10;2,04;20,4;;;;;;;;;;;;;;
176;Ростовский филиал;Обл.центр;Ростов-на-Дону АТС-64;RORstGrkg206MX480;AR;MX480;Обл.центр;Ростов-на-Дону (Газетный 49);RoRstGzt49MX960с;CR;MX960;10;2,1;DWDM;;;10;2,1;21;;;;;;;;;;;;;;
177;Ростовский филиал;Обл.центр;Ростов-на-Дону АТС-67;RoRstDlmn70Mx480;AR;MX480;Обл.центр;Ростов-на-Дону (Газетный 49);RoRstGzt49MX960d;CR;MX960;10;1,21;DWDM;;;10;1,21;12,1;;;;;;;;;;;;;;
178;Ростовский филиал;Обл.центр;Ростов-на-Дону АТС-67;RoRstDlmn70Mx480;AR;MX480;Обл.центр;Ростов-на-Дону (Газетный 49);RoRstGzt49MX960с;CR;MX960;10;1,28;DWDM;;;10;1,28;12,8;;;;;;;;;;;;;;
179;Ростовский филиал;Обл.центр;Ростов-на-Дону АТС-74;RoRstVlkv9mx480;AR;MX480;Обл.центр;Ростов-на-Дону (Газетный 49);RoRstGzt49MX960d;CR;MX960;10;3,84;DWDM;;;10;3,84;38,4;;;;;;;;;;;;;;
180;Ростовский филиал;Обл.центр;Ростов-на-Дону АТС-74;RoRstVlkv9mx480;AR;MX480;Обл.центр;Ростов-на-Дону (Газетный 49);RoRstGzt49MX960с;CR;MX960;10;3,77;DWDM;;;10;3,77;37,7;;;;;;;;;;;;;;
181;Ростовский филиал;Обл.центр;Ростов-на-Дону АТС-76;RoRstBeliaev24MX80;AR;MX80;Обл.центр;Ростов-на-Дону АТС-74;RoRstVlkv9mx480;AR;MX480;10;2,8;DWDM;;;10;2,8;28;;;;;;;;;;;;;;
182;Ростовский филиал;Обл.центр;Ростов-на-Дону АТС-77;RoRstTmsh18mx480;AR;MX480;Обл.центр;Ростов-на-Дону (Газетный 49);RoRstGzt49MX960c;CR;MX960;10;0,949;DWDM;;;10;0,949;9,49;;;;;;;;;;;;;;
183;Ростовский филиал;Обл.центр;Ростов-на-Дону АТС-77;RoRstTmsh18mx480;AR;MX480;Обл.центр;Ростов-на-Дону (Газетный 49);RoRstGzt49MX960d;CR;MX960;10;1,03;DWDM;;;10;1,03;10,3;;;;;;;;;;;;;;
184;Ростовский филиал;Обл.центр;Ростов-на-Дону АТС-401;RoRstScls112mx80;AR;MX80;Обл.центр;Ростов-на-Дону (Газетный 49);RoRstGzt49mx960b;DR;MX960;10;1,02;DWDM;;;10;1,02;10,2;;;;;;;;;;;;;;
185;Ростовский филиал;Обл.центр;Ростов-на-Дону АТС-401;RoRstScls112mx80;AR;MX80;Обл.центр;Ростов-на-Дону (Газетный 49);RoRstGzt49mx960b;DR;MX960;10;0,596;DWDM;;;10;0,596;5,96;;;;;;;;;;;;;;
186;Ростовский филиал;Обл.центр;Ростов-на-Дону АТС-433;RORstStachki218MX80;AR;MX80;Обл.центр;Ростов-на-Дону АТС-22;RORstKmst10MX480;AR;MX480;10;1,73;DWDM;;;10;1,73;17,3;;;;;;;;;;;;;;
187;Ростовский филиал;Обл.центр;Ростов-на-Дону АТС-442;RoRstBratsk47mx80;AR;MX80;Обл.центр;Ростов-на-Дону (Газетный 49);RoRstGzt49MX960c;DR;MX960;10;1,8;DWDM;;;10;1,8;18;;;;;;;;;;;;;;
188;Ростовский филиал;Обл.центр;Ростов-на-Дону АТС-442;RoRstBratsk47mx80;AR;MX80;Обл.центр;Ростов-на-Дону (Газетный 49);RoRstGzt49MX960d;DR;MX960;10;1,79;DWDM;;;10;1,79;17,9;;;;;;;;;;;;;;
189;Ростовский филиал;Обл.центр;Ростов-на-Дону АТС-448;RORstStchk33MX480;AR;MX480;Обл.центр;Ростов-на-Дону (Газетный 49);RoRstGzt49MX960d;DR;MX960;10;2,66;DWDM;;;10;2,66;26,6;;;;;;;;;;;;;;
190;Ростовский филиал;Обл.центр;Ростов-на-Дону АТС-448;RORstStchk33MX480;AR;MX480;Обл.центр;Ростов-на-Дону (Газетный 49);RoRstGzt49MX960c;DR;MX960;10;2,84;DWDM;;;10;2,84;28,4;;;;;;;;;;;;;;
191;Ростовский филиал;Обл.центр;Ростов-на-Дону АТС-619;RoRstBdn50mx80;AR;MX80;Обл.центр;Ростов-на-Дону АТС-40;RoRstDmsk3Mx480;AR;MX480;10;1,86;DWDM;;;10;1,86;18,6;;;;;;;;;;;;;;
192;Ростовский филиал;Обл.центр;Ростов-на-Дону АТС-724;RORstKzhsk69MX480;AR;MX480;Обл.центр;Ростов-на-Дону (Газетный 49);RoRstGzt49MX960c;DR;MX960;10;1,18;DWDM;;;10;1,18;11,8;;;;;;;;;;;;;;
193;Ростовский филиал;Обл.центр;Ростов-на-Дону АТС-724;RORstKzhsk69MX480;AR;MX480;Обл.центр;Ростов-на-Дону (Газетный 49);RoRstGzt49MX960d;DR;MX960;10;1,09;DWDM;;;10;1,09;10,9;;;;;;;;;;;;;;
194;Ростовский филиал;Обл.центр;Ростов-на-Дону (Газетный 49);RoRstGzt49c7609b;AR;C7609;Обл.центр;Ростов-на-Дону (Газетный 49);RoRstGzt49MX960c;DR;MX960;10;0,54;DWDM;;;10;0,54;5,4;;;;;;;;;;;;;;
195;Ростовский филиал;Обл.центр;Ростов-на-Дону (Газетный 49);RoRstGzt49MX960c;CR;MX960;Обл.центр;Ростов-на-Дону (Газетный 49);RoRstGzt49mx960a;DR;MX960;100;50,72;DWDM;;;100;50,72;50,72;;;;;;;;;;;;;;
196;Ростовский филиал;Обл.центр;Ростов-на-Дону (Газетный 49);RoRstGzt49MX960c;CR;MX960;Обл.центр;Ростов-на-Дону (Газетный 49);RoRstGzt49mx960b;DR;MX960;100;49,18;DWDM;;;100;49,18;49,18;;;;;;;;;;;;;;
197;Ростовский филиал;Обл.центр;Ростов-на-Дону (Газетный 49);RoRstGzt49MX960d;CR;MX960;Обл.центр;Ростов-на-Дону (Газетный 49);RoRstGzt49mx960a;DR;MX960;100;54,68;DWDM;;;100;54,68;54,68;;;;;;;;;;;;;;
198;Ростовский филиал;Обл.центр;Ростов-на-Дону (Газетный 49);RoRstGzt49MX960d;CR;MX960;Обл.центр;Ростов-на-Дону (Газетный 49);RoRstGzt49mx960b;DR;MX960;100;53,34;DWDM;;;100;53,34;53,34;;;;;;;;;;;;;;
199;Ростовский филиал;Обл.центр;Ростов-на-Дону (Газетный 49);RoRstGzt49mx960a;DR;MX960;Обл.центр;Ростов-на-Дону (Газетный 49);RNDN-BRAS1;BRAS;ME-60;20;14,26;DWDM;;;20;14,26;71,3;;;;;;;;;;;;;;
200;Ростовский филиал;Обл.центр;Ростов-на-Дону (Газетный 49);RoRstGzt49mx960a;DR;MX960;Обл.центр;Ростов-на-Дону (Газетный 49);RNDN-BRAS1;BRAS;ME-60;20;7,92;DWDM;;;20;7,92;39,6;;;;;;;;;;;;;;
201;Ростовский филиал;Обл.центр;Ростов-на-Дону (Газетный 49);RoRstGzt49mx960a;DR;MX960;Обл.центр;Ростов-на-Дону (Газетный 49);RNDN-BRAS2;BRAS;ME-60;20;13,73;DWDM;;;20;13,73;68,65;;;;;;;;;;;;;;
202;Ростовский филиал;Обл.центр;Ростов-на-Дону (Газетный 49);RoRstGzt49mx960a;DR;MX960;Обл.центр;Ростов-на-Дону (Газетный 49);RNDN-BRAS2;BRAS;ME-60;20;7,84;DWDM;;;20;7,84;39,2;;;;;;;;;;;;;;
203;Ростовский филиал;Обл.центр;Ростов-на-Дону (Газетный 49);RoRstGzt49mx960a;DR;MX960;Обл.центр;Ростов-на-Дону (Газетный 49);RNDN-BRAS3;BRAS;ME-60;20;13,65;DWDM;;;20;13,65;68,25;;;;;;;;;;;;;;
204;Ростовский филиал;Обл.центр;Ростов-на-Дону (Газетный 49);RoRstGzt49mx960a;DR;MX960;Обл.центр;Ростов-на-Дону (Газетный 49);RNDN-BRAS3;BRAS;ME-60;20;8,43;DWDM;;;20;8,43;42,15;;;;;;;;;;;;;;
205;Ростовский филиал;Обл.центр;Ростов-на-Дону (Газетный 49);RoRstGzt49mx960a;DR;MX960;Обл.центр;Ростов-на-Дону (Газетный 49);RNDN-BRAS4;BRAS;ME-60;20;13,4;DWDM;;;20;13,4;67;;;;;;;;;;;;;;
206;Ростовский филиал;Обл.центр;Ростов-на-Дону (Газетный 49);RoRstGzt49mx960a;DR;MX960;Обл.центр;Ростов-на-Дону (Газетный 49);RNDN-BRAS4;BRAS;ME-60;20;7,93;DWDM;;;20;7,93;39,65;;;;;;;;;;;;;;
207;Ростовский филиал;Обл.центр;Ростов-на-Дону (Газетный 49);RoRstGzt49mx960a;DR;MX960;Обл.центр;Ростов-на-Дону (Газетный 49);RNDN-BRAS5;BRAS;ME-60;20;13,25;DWDM;;;20;13,25;66,25;;;;;;;;;;;;;;
208;Ростовский филиал;Обл.центр;Ростов-на-Дону (Газетный 49);RoRstGzt49mx960a;DR;MX960;Обл.центр;Ростов-на-Дону (Газетный 49);RNDN-BRAS5;BRAS;ME-60;20;8,33;DWDM;;;20;8,33;41,65;;;;;;;;;;;;;;
209;Ростовский филиал;Обл.центр;Ростов-на-Дону (Газетный 49);RoRstGzt49mx960b;DR;MX960;Обл.центр;Ростов-на-Дону (Газетный 49);RNDN-BRAS1;BRAS;ME-60;20;7,64;DWDM;;;20;7,64;38,2;;;;;;;;;;;;;;
210;Ростовский филиал;Обл.центр;Ростов-на-Дону (Газетный 49);RoRstGzt49mx960b;DR;MX960;Обл.центр;Ростов-на-Дону (Газетный 49);RNDN-BRAS1;BRAS;ME-60;20;13,5;DWDM;;;20;13,5;67,5;;;;;;;;;;;;;;
211;Ростовский филиал;Обл.центр;Ростов-на-Дону (Газетный 49);RoRstGzt49mx960b;DR;MX960;Обл.центр;Ростов-на-Дону (Газетный 49);RNDN-BRAS2;BRAS;ME-60;20;8,22;DWDM;;;20;8,22;41,1;;;;;;;;;;;;;;
212;Ростовский филиал;Обл.центр;Ростов-на-Дону (Газетный 49);RoRstGzt49mx960b;DR;MX960;Обл.центр;Ростов-на-Дону (Газетный 49);RNDN-BRAS2;BRAS;ME-60;20;13,94;DWDM;;;20;13,94;69,7;;;;;;;;;;;;;;
213;Ростовский филиал;Обл.центр;Ростов-на-Дону (Газетный 49);RoRstGzt49mx960b;DR;MX960;Обл.центр;Ростов-на-Дону (Газетный 49);RNDN-BRAS3;BRAS;ME-60;20;7,73;DWDM;;;20;7,73;38,65;;;;;;;;;;;;;;
214;Ростовский филиал;Обл.центр;Ростов-на-Дону (Газетный 49);RoRstGzt49mx960b;DR;MX960;Обл.центр;Ростов-на-Дону (Газетный 49);RNDN-BRAS3;BRAS;ME-60;20;13,48;DWDM;;;20;13,48;67,4;;;;;;;;;;;;;;
215;Ростовский филиал;Обл.центр;Ростов-на-Дону (Газетный 49);RoRstGzt49mx960b;DR;MX960;Обл.центр;Ростов-на-Дону (Газетный 49);RNDN-BRAS4;BRAS;ME-60;20;8,16;DWDM;;;20;8,16;40,8;;;;;;;;;;;;;;
216;Ростовский филиал;Обл.центр;Ростов-на-Дону (Газетный 49);RoRstGzt49mx960b;DR;MX960;Обл.центр;Ростов-на-Дону (Газетный 49);RNDN-BRAS4;BRAS;ME-60;20;13,46;DWDM;;;20;13,46;67,3;;;;;;;;;;;;;;
217;Ростовский филиал;Обл.центр;Ростов-на-Дону (Газетный 49);RoRstGzt49mx960b;DR;MX960;Обл.центр;Ростов-на-Дону (Газетный 49);RNDN-BRAS5;BRAS;ME-60;20;8,05;DWDM;;;20;8,05;40,25;;;;;;;;;;;;;;
218;Ростовский филиал;Обл.центр;Ростов-на-Дону (Газетный 49);RoRstGzt49mx960b;DR;MX960;Обл.центр;Ростов-на-Дону (Газетный 49);RNDN-BRAS5;BRAS;ME-60;20;13,36;DWDM;;;20;13,36;66,8;;;;;;;;;;;;;;
219;Ростовский филиал;Обл.центр;Ростов-на-Дону (Газетный 49);RoRstGzt49mx480f;BPE;MX480;Обл.центр;Ростов-на-Дону (Газетный 49);RoRstGzt49MX960c;CR;MX960;10;0,395;DWDM;;;10;0,395;3,95;;;;;;;;;;;;;;
220;Ростовский филиал;Обл.центр;Ростов-на-Дону (Газетный 49);RoRstGzt49mx480f;BPE;MX480;Обл.центр;Ростов-на-Дону (Газетный 49);RoRstGzt49MX960d;CR;MX960;10;0,478;DWDM;;;10;0,478;4,78;;;;;;;;;;;;;;
221;Ростовский филиал;Обл.центр;Ростов-на-Дону (Газетный 49);RoRstGzt49mx480f;BPE;MX480;Обл.центр;Ростов-на-Дону (Газетный 49);RoRstGzt49mx960a;DR;MX960;10;0,461;DWDM;;;10;0,461;4,61;;;;;;;;;;;;;;
222;Ростовский филиал;Обл.центр;Ростов-на-Дону (Газетный 49);RoRstGzt49mx480f;BPE;MX480;Обл.центр;Ростов-на-Дону (Газетный 49);RoRstGzt49mx960b;DR;MX960;10;0,407;DWDM;;;10;0,407;4,07;;;;;;;;;;;;;;
223;Ростовский филиал;Обл.центр;Ростов-на-Дону (Газетный 49);RoRstGzt49mx480c;BPE;MX480;Обл.центр;Ростов-на-Дону (Газетный 49);RoRstGzt49MX960c;CR;MX960;10;0,2;DWDM;;;10;0,2;2;;;;;;;;;;;;;;
224;Ростовский филиал;Обл.центр;Ростов-на-Дону (Газетный 49);RoRstGzt49mx480c;BPE;MX480;Обл.центр;Ростов-на-Дону (Газетный 49);RoRstGzt49MX960d;CR;MX960;10;0,2;DWDM;;;10;0,2;2;;;;;;;;;;;;;;
225;Ростовский филиал;Обл.центр;Ростов-на-Дону (Газетный 49);RoRstGzt49mx480c;BPE;MX480;Обл.центр;Ростов-на-Дону (Газетный 49);RoRstGzt49mx960c;CR;MX960;10;0,356;DWDM;;;10;0,356;3,56;;;;;;;;;;;;;;
226;Ростовский филиал;Обл.центр;Ростов-на-Дону (Газетный 49);RoRstGzt49mx480c;BPE;MX480;Обл.центр;Ростов-на-Дону (Газетный 49);RoRstGzt49mx960d;CR;MX960;10;0,405;DWDM;;;10;0,405;4,05;;;;;;;;;;;;;;
227;Ростовский филиал;Обл.центр;Ростов-на-Дону (Газетный 49);RoRstGzt49c7609p;BPE;C7609;Обл.центр;Ростов-на-Дону (Газетный 49);RoRstGzt49MX960c;CR;MX960;10;0,3;DWDM;;;10;0,3;3;;;;;;;;;;;;;;
228;Ростовский филиал;Обл.центр;Ростов-на-Дону (Газетный 49);RoRstGzt49c7609p;BPE;C7609;Обл.центр;Ростов-на-Дону (Газетный 49);RoRstGzt49MX960d;CR;MX960;10;0,31;DWDM;;;10;0,31;3,1;;;;;;;;;;;;;;
229;Ростовский филиал;Обл.центр;Ростов-на-Дону (Газетный 49);RoRstGzt49c7609p;BPE;C7609;Обл.центр;Ростов-на-Дону (Газетный 49);RoRstGzt49mx480c;BPE;MX480;1;0,1;DWDM;;;1;0,1;10;;;;;;;;;;;;;;
